partida,sector,ley_2026_miles_clp,proyecto_2027_miles_clp,variacion_nominal_pct,variacion_real_escenario_3_pct,nota
01,Presidencia,22829774,22806302,-0.102813,-3.01244,
02,Congreso,177406732,187302412,5.577962,2.502876,
03,Poder Judicial,726104379,798014398,9.903537,6.702464,
04,Contraloría,116577566,130344569,11.809307,8.552726,
05,Interior,619361044,647209134,4.496261,1.452681,
06,Relaciones Exteriores,102133387,105743062,3.534275,0.518714,
07,Economía,311180720,316564718,1.730184,-1.232831,
08,Hacienda,635659293,629194865,-1.016964,-3.899965,
09,Educación,16821936421,17716443603,5.317504,2.250004,
10,Justicia,1313476980,792797889,-39.64128,-41.399301,Gendarmería se traslada a Seguridad Pública; comparación directa cambia de perímetro.
11,Defensa,1536895444,1648810213,7.281873,4.157158,
12,Obras Públicas,3523004254,3621870630,2.806309,-0.18805,
13,Agricultura,805461929,797359218,-1.005971,-3.889292,
14,Bienes Nacionales,9434017,9705758,2.880438,-0.11608,
15,Trabajo y Previsión Social,15293668661,15887842375,3.885096,0.859317,
16,Salud,13228655908,13387187712,1.198397,-1.749129,
17,Minería,52814447,53960726,2.170389,-0.805447,
18,Vivienda y Urbanismo,5606526657,4475904414,-20.16618,-22.491437,
19,Transportes,1849652480,1883830858,1.847827,-1.118615,
20,Secretaría General de Gobierno,32573901,32880650,0.941702,-1.998348,
21,Desarrollo Social y Familia,1456840271,1492337870,2.436616,-0.546975,
22,Secretaría General de la Presidencia,12290100,12374282,0.684958,-2.247614,
23,Ministerio Público,280925228,321445843,14.423986,11.091248,
24,Energía,150847774,134951152,-10.538188,-13.143872,
25,Medio Ambiente,94369410,98631303,4.516181,1.47202,
26,Deporte,168508200,244243402,44.94452,40.722835,
27,Mujer y Equidad de Género,91388440,93088109,1.859829,-1.106962,
28,Servicio Electoral,38993564,34959571,-10.345279,-12.956582,
29,Culturas,523395798,437690023,-16.374945,-18.810626,
30,Ciencia,572802631,544090749,-5.012526,-7.779152,
31,Gobiernos Regionales,1124303237,1194514407,6.244861,3.15035,
32,Seguridad Pública,2369509063,3420186286,44.341557,40.137434,Incluye Gendarmería en 2027. Ver comparación con perímetro constante.
