programas_origen,programa_resultante,servicio,estado
Beca Aysén; Beca Patagonia Aysén; Beca Magallanes,Becas Patagonia,JUNAEB,fusion_propuesta_2027
Simulacro Borde Costero; Simulacro Amenaza Volcánica,Chile Preparado,SENAPRED,fusion_propuesta_2027
Biblioteca Pública Digital; Bibliomás,Programa de Fortalecimiento de la Frecuencia Lectora,Servicio Nacional del Patrimonio Cultural,fusion_propuesta_2027
Orquestas Propias de FOJI; Orquestas Comunales del Catastro FOJI,Orquestas Sinfónicas Juveniles e Infantiles de Chile,"Subsecretaría de las Culturas, las Artes y el Patrimonio",fusion_propuesta_2027
Programa Nacional de Lectura; Plan Nacional de Escritura,Programa Nacional de Lectoescritura,Subsecretaría de Educación,fusion_propuesta_2027
Apoyo a la Comercialización de Artesanías; Educación y Difusión; Exposiciones Nacionales,Apoyo a la sostenibilidad comercial de artesanos y artesanas tradicionales de Chile,"Subsecretaría de las Culturas, las Artes y el Patrimonio",fusion_propuesta_2027
"Elige Vida Sana; Control de Salud de Niño y Niña Sano en Establecimientos Educacionales; Cuidados Comunitarios en APS; DIR APS Alcohol, Tabaco y otras Drogas",Más Salud en Comunidad,Subsecretaría de Redes Asistenciales,fusion_propuesta_2027
Tránsito a la Vida Independiente; Acceso a la Justicia para Personas en Situación de Discapacidad; Desarrollo Inclusivo Territorial,Servicios de Apoyo para la Vida Independiente e Inclusión en la Comunidad,SENADIS,fusion_propuesta_2027
FDI Gestión Social Indígena; Kume Mognen Pu Zomo; FDI Fomento a la Economía Indígena; FDI Apoyo a Predios Adquiridos y Transferidos,Fondo de Desarrollo Indígena,CONADI,fusion_propuesta_2027
PRODESAL Asesorías e Inversiones; PADIS; Fortalecimiento Caprino Lechero de Coquimbo,Programa de Desarrollo de Acción Local (PRODESAL),INDAP,fusion_propuesta_2027
Servicio de Asesoría Técnica (SAT); PADIS; Fortalecimiento Caprino Lechero de Coquimbo,Programa Servicio de Asesoría Técnica (SAT),INDAP,fusion_propuesta_2027
Servicios Virtuales; Capacitación y Formación Empresarial,Formación Digital Mipe,SERCOTEC,fusion_propuesta_2027
