sector,nominal_pct,real_inflacion_2_pct,real_inflacion_3_pct,real_inflacion_4_pct
Total aporte fiscal libre,2.159852,0.156718,-0.815678,-1.769373
Presidencia,-0.102813,-2.061581,-3.012440,-3.945013
Congreso,5.577962,3.507806,2.502876,1.517271
Poder Judicial,9.903537,7.748566,6.702464,5.676478
Contraloría,11.809307,9.616968,8.552726,7.508949
Interior,4.496261,2.447315,1.452681,0.477174
Relaciones Exteriores,3.534275,1.504191,0.518714,-0.447812
Economía,1.730184,-0.264526,-1.232831,-2.182516
Hacienda,-1.016964,-2.957808,-3.899965,-4.824004
Educación,5.317504,3.252455,2.250004,1.266831
Justicia,-39.641280,-40.824785,-41.399301,-41.962769
Defensa,7.281873,5.178307,4.157158,3.155647
Obras Públicas,2.806309,0.790499,-0.188050,-1.147780
Agricultura,-1.005971,-2.947030,-3.889292,-4.813433
Bienes Nacionales,2.880438,0.863174,-0.116080,-1.076502
Trabajo y Previsión Social,3.885096,1.848133,0.859317,-0.110485
Salud,1.198397,-0.785885,-1.749129,-2.693849
Minería,2.170389,0.167048,-0.805447,-1.759241
Vivienda y Urbanismo,-20.166180,-21.731549,-22.491437,-23.236711
Transportes,1.847827,-0.149189,-1.118615,-2.069397
Secretaría General de Gobierno,0.941702,-1.037547,-1.998348,-2.940671
Desarrollo Social y Familia,2.436616,0.428055,-0.546975,-1.503254
Secretaría General de la Presidencia,0.684958,-1.289257,-2.247614,-3.187541
Ministerio Público,14.423986,12.180378,11.091248,10.023063
Energía,-10.538188,-12.292341,-13.143872,-13.979027
Medio Ambiente,4.516181,2.466844,1.472020,0.496328
Deporte,44.944520,42.102471,40.722835,39.369731
Mujer y Equidad de Género,1.859829,-0.137422,-1.106962,-2.057856
Servicio Electoral,-10.345279,-12.103215,-12.956582,-13.793538
Culturas,-16.374945,-18.014652,-18.810626,-19.591293
Ciencia,-5.012526,-6.875026,-7.779152,-8.665891
Gobiernos Regionales,6.244861,4.161628,3.150350,2.158520
Seguridad Pública,44.341557,41.511331,40.137434,38.789959
