mes,nombre,probabilidad,probabilidad_ic95_inf,probabilidad_ic95_sup,probabilidad_uniforme,desviacion_pct,desviacion_ic95_inf,desviacion_ic95_sup,significativo
1,ene,0.089342,0.088449,0.090256,0.084932,5.19,4.14,6.27,1
2,feb,0.079575,0.079033,0.080173,0.076712,3.73,3.03,4.51,1
3,mar,0.086537,0.086076,0.087019,0.084932,1.89,1.35,2.46,1
4,abr,0.083112,0.082567,0.08365,0.082192,1.12,0.46,1.77,1
5,may,0.084877,0.083995,0.0857,0.084932,-0.06,-1.1,0.9,0
6,jun,0.080458,0.079831,0.081045,0.082192,-2.11,-2.87,-1.39,1
7,jul,0.081596,0.08096,0.082221,0.084932,-3.93,-4.68,-3.19,1
8,ago,0.081176,0.080619,0.08173,0.084932,-4.42,-5.08,-3.77,1
9,sep,0.081208,0.080727,0.081681,0.082192,-1.2,-1.78,-0.62,1
10,oct,0.083021,0.082383,0.083611,0.084932,-2.25,-3.0,-1.55,1
11,nov,0.08036,0.079857,0.080881,0.082192,-2.23,-2.84,-1.6,1
12,dic,0.088737,0.088162,0.089339,0.084932,4.48,3.8,5.19,1
