semana,fecha_inicio,fecha_fin,indice,indice_ic95_inf,indice_ic95_sup,desviacion_pct,desviacion_ic95_inf,desviacion_ic95_sup,significativo
1,01-ene,07-ene,1.0838,1.0736,1.0962,8.38,7.15,9.66,1
2,08-ene,14-ene,1.064,1.0532,1.0764,6.4,5.16,7.67,1
3,15-ene,21-ene,1.0418,1.0318,1.0528,4.18,3.07,5.3,1
4,22-ene,28-ene,1.0288,1.0207,1.0378,2.88,1.93,3.86,1
5,29-ene,04-feb,1.0284,1.0215,1.0361,2.84,2.09,3.64,1
6,05-feb,11-feb,1.0357,1.0302,1.0428,3.57,2.91,4.29,1
7,12-feb,18-feb,1.0418,1.0353,1.0496,4.18,3.42,4.98,1
8,19-feb,25-feb,1.0402,1.0323,1.0486,4.02,3.14,4.89,1
9,26-feb,04-mar,1.0311,1.0236,1.0391,3.11,2.26,3.96,1
10,05-mar,11-mar,1.0212,1.0152,1.028,2.12,1.42,2.86,1
11,12-mar,18-mar,1.0166,1.0113,1.0223,1.66,1.05,2.28,1
12,19-mar,25-mar,1.0163,1.0104,1.0242,1.63,0.96,2.36,1
13,26-mar,01-abr,1.0151,1.0091,1.023,1.51,0.83,2.31,1
14,02-abr,08-abr,1.011,1.0059,1.0177,1.1,0.48,1.81,1
15,09-abr,15-abr,1.0078,1.0008,1.0141,0.78,0.1,1.47,1
16,16-abr,22-abr,1.0097,1.0009,1.0181,0.97,0.09,1.83,1
17,23-abr,29-abr,1.0151,1.0036,1.0252,1.51,0.41,2.54,1
18,30-abr,06-may,1.0174,1.0054,1.0285,1.74,0.53,2.84,1
19,07-may,13-may,1.0118,1.0,1.0239,1.18,-0.03,2.3,0
20,14-may,20-may,0.999,0.9886,1.0091,-0.1,-1.21,0.94,0
21,21-may,27-may,0.9847,0.9759,0.9931,-1.53,-2.47,-0.63,1
22,28-may,03-jun,0.9759,0.9673,0.9824,-2.41,-3.23,-1.68,1
23,04-jun,10-jun,0.9755,0.9685,0.9809,-2.45,-3.13,-1.85,1
24,11-jun,17-jun,0.9802,0.9728,0.9861,-1.98,-2.73,-1.31,1
25,18-jun,24-jun,0.9827,0.9727,0.9905,-1.73,-2.66,-0.83,1
26,25-jun,01-jul,0.9785,0.9673,0.9874,-2.15,-3.24,-1.1,1
27,02-jul,08-jul,0.9694,0.9595,0.978,-3.06,-4.1,-2.04,1
28,09-jul,15-jul,0.9608,0.9523,0.9684,-3.92,-4.8,-3.06,1
29,16-jul,22-jul,0.9562,0.949,0.9629,-4.38,-5.17,-3.62,1
30,23-jul,29-jul,0.9557,0.9481,0.9626,-4.43,-5.19,-3.69,1
31,30-jul,05-ago,0.957,0.9495,0.9636,-4.3,-5.04,-3.61,1
32,06-ago,12-ago,0.9572,0.9506,0.9629,-4.28,-4.98,-3.61,1
33,13-ago,19-ago,0.9552,0.9486,0.9608,-4.48,-5.18,-3.78,1
34,20-ago,26-ago,0.9535,0.9471,0.9599,-4.65,-5.38,-3.96,1
35,27-ago,02-sep,0.9578,0.9514,0.9645,-4.22,-4.94,-3.54,1
36,03-sep,09-sep,0.9714,0.9651,0.9782,-2.86,-3.58,-2.15,1
37,10-sep,16-sep,0.9894,0.9826,0.9959,-1.06,-1.77,-0.37,1
38,17-sep,23-sep,1.0007,0.9939,1.0069,0.07,-0.64,0.73,0
39,24-sep,30-sep,0.9983,0.9922,1.0058,-0.17,-0.9,0.53,0
40,01-oct,07-oct,0.9865,0.9788,0.9947,-1.35,-2.16,-0.52,1
41,08-oct,14-oct,0.976,0.9669,0.9841,-2.4,-3.3,-1.57,1
42,15-oct,21-oct,0.9726,0.9643,0.98,-2.74,-3.56,-1.97,1
43,22-oct,28-oct,0.975,0.9686,0.9818,-2.5,-3.19,-1.8,1
44,29-oct,04-nov,0.978,0.9721,0.9844,-2.2,-2.86,-1.57,1
45,05-nov,11-nov,0.9785,0.9721,0.9857,-2.15,-2.88,-1.43,1
46,12-nov,18-nov,0.9764,0.9696,0.9839,-2.36,-3.13,-1.6,1
47,19-nov,25-nov,0.9757,0.9698,0.9824,-2.43,-3.09,-1.73,1
48,26-nov,02-dic,0.9826,0.9773,0.9886,-1.74,-2.31,-1.12,1
49,03-dic,09-dic,1.0023,0.9969,1.0084,0.23,-0.37,0.85,0
50,10-dic,16-dic,1.0337,1.0277,1.0406,3.37,2.68,4.06,1
51,17-dic,23-dic,1.0666,1.0591,1.074,6.66,5.86,7.45,1
52,24-dic,31-dic,1.087,1.0774,1.0973,8.7,7.65,9.76,1
