fecha,nacimientos,uno_en,indice_crudo,indice_limpio,recibe_coeficiente_feriado,fraccion_anios_con_coeficiente_feriado
01-ene,9448,537.0,0.6795,1.0074,1,1.0
02-ene,13961,363.4,1.0093,1.0075,1,1.0
03-ene,15940,318.3,1.1505,1.0041,1,1.0
04-ene,15335,330.9,1.1056,1.009,1,1.0
05-ene,15333,330.9,1.1084,1.0065,1,1.0
06-ene,14808,342.6,1.0706,1.0086,1,1.0
07-ene,14245,356.2,1.0281,1.005,1,1.0
08-ene,13876,365.6,1.0009,1.009,1,1.0
09-ene,14108,359.6,1.018,1.0106,0,0.0
10-ene,14598,347.6,1.0553,1.0294,0,0.0
11-ene,14217,356.9,1.0262,1.0223,0,0.0
12-ene,14396,352.4,1.0416,1.0357,0,0.0
13-ene,13916,364.6,1.0066,1.0085,0,0.0
14-ene,13834,366.8,0.9986,1.024,0,0.0
15-ene,14204,357.2,1.0252,1.0344,1,0.053
16-ene,14150,358.6,1.022,1.0145,1,0.105
17-ene,14552,348.7,1.0516,1.0271,1,0.053
18-ene,14313,354.5,1.0319,1.0256,0,0.0
19-ene,14293,355.0,1.0332,1.0289,0,0.0
20-ene,14317,354.4,1.0331,1.0336,0,0.0
21-ene,13969,363.2,1.008,1.0299,0,0.0
22-ene,13857,366.1,0.9994,1.0107,0,0.0
23-ene,13928,364.3,1.0067,1.0002,0,0.0
24-ene,14276,355.4,1.0316,1.0112,0,0.0
25-ene,14407,352.2,1.0396,1.0349,0,0.0
26-ene,14169,358.1,1.0253,1.0204,0,0.0
27-ene,14109,359.6,1.0203,1.0212,0,0.0
28-ene,13790,367.9,0.9968,1.0217,0,0.0
29-ene,13690,370.6,0.9888,0.9946,0,0.0
30-ene,14165,358.2,1.0237,1.0166,0,0.0
31-ene,14043,361.3,1.0159,1.0337,0,0.0
01-feb,14126,359.2,1.0199,1.0153,0,0.0
02-feb,14016,362.0,1.0143,1.0099,0,0.0
03-feb,13628,372.3,0.9861,0.9873,0,0.0
04-feb,13357,379.9,0.9656,0.99,0,0.0
05-feb,13786,368.0,0.9953,1.0035,0,0.0
06-feb,13941,363.9,1.0057,0.9984,0,0.0
07-feb,14239,356.3,1.0289,1.0035,0,0.0
08-feb,13923,364.4,1.0045,0.9998,0,0.0
09-feb,13810,367.4,0.9984,0.9924,0,0.0
10-feb,13776,368.3,0.9985,0.9982,0,0.0
11-feb,13201,384.3,0.9542,0.9773,0,0.0
12-feb,13530,375.0,0.9762,0.9844,0,0.0
13-feb,13392,378.9,0.9668,0.9622,0,0.0
14-feb,14613,347.2,1.0567,1.0307,0,0.0
15-feb,14016,362.0,1.0119,1.0083,0,0.0
16-feb,13671,371.1,0.989,0.9821,0,0.0
17-feb,13460,376.9,0.9729,0.9739,0,0.0
18-feb,13141,386.1,0.9481,0.9734,0,0.0
19-feb,13205,384.2,0.9534,0.9641,0,0.0
20-feb,13629,372.3,0.9849,0.9792,0,0.0
21-feb,13936,364.1,1.0059,0.9825,0,0.0
22-feb,13542,374.7,0.9776,0.9736,0,0.0
23-feb,13496,375.9,0.9769,0.971,0,0.0
24-feb,13396,378.7,0.9697,0.9699,0,0.0
25-feb,13338,380.4,0.963,0.9851,0,0.0
26-feb,13568,373.9,0.9797,0.9893,0,0.0
27-feb,13471,376.6,0.9736,0.9703,0,0.0
28-feb,13864,366.0,1.0018,0.9797,0,0.0
29-feb,2405,2109.7,0.8207,0.8899,0,0.0
01-mar,13921,364.5,1.0073,0.987,0,0.0
02-mar,13745,369.1,0.9942,0.9827,0,0.0
03-mar,13809,367.4,0.9988,1.0013,0,0.0
04-mar,13428,377.8,0.9693,0.9873,0,0.0
05-mar,13634,372.1,0.9845,1.0015,0,0.0
06-mar,13855,366.2,0.9997,0.9908,0,0.0
07-mar,13736,369.4,0.994,0.9891,0,0.0
08-mar,13737,369.3,0.9948,0.9777,0,0.0
09-mar,13859,366.1,1.0019,0.9909,0,0.0
10-mar,13720,369.8,0.9926,0.9994,0,0.0
11-mar,13449,377.3,0.971,0.9938,0,0.0
12-mar,13573,373.8,0.9799,0.9927,0,0.0
13-mar,13794,367.8,0.9956,0.9884,0,0.0
14-mar,13791,367.9,0.9983,0.9923,0,0.0
15-mar,13933,364.2,1.008,0.9852,0,0.0
16-mar,13914,364.6,1.0065,0.9987,0,0.0
17-mar,13455,377.1,0.9743,0.9792,0,0.0
18-mar,13494,376.0,0.9755,0.9944,0,0.0
19-mar,13338,380.4,0.9645,0.9809,0,0.0
20-mar,13803,367.6,0.9975,0.987,1,0.053
21-mar,13853,366.3,1.0024,0.9893,1,0.105
22-mar,13817,367.2,1.0009,0.9737,1,0.105
23-mar,13656,371.5,0.9873,0.9689,1,0.105
24-mar,13153,385.7,0.9525,0.9622,1,0.158
25-mar,13028,389.4,0.9405,0.9765,1,0.263
26-mar,13178,385.0,0.9509,0.9573,1,0.211
27-mar,13583,373.5,0.9796,0.9599,1,0.158
28-mar,13566,374.0,0.9816,0.9801,1,0.211
29-mar,13189,384.7,0.955,0.9608,1,0.263
30-mar,13452,377.2,0.973,0.9616,1,0.211
31-mar,12938,392.2,0.9381,0.9698,1,0.105
01-abr,12973,391.1,0.9385,0.9626,1,0.158
02-abr,12783,396.9,0.9253,0.9515,1,0.211
03-abr,13401,378.6,0.969,0.9545,1,0.158
04-abr,13696,370.5,0.9924,0.9741,1,0.105
05-abr,13844,366.5,1.0044,0.9838,1,0.211
06-abr,13374,379.4,0.967,0.9669,1,0.263
07-abr,13377,379.3,0.968,0.96,1,0.211
08-abr,13319,380.9,0.9614,0.9657,1,0.158
09-abr,12967,391.3,0.9363,0.9706,1,0.263
10-abr,13467,376.8,0.9718,0.9701,1,0.368
11-abr,13502,375.8,0.9771,0.9583,1,0.263
12-abr,14002,362.4,1.0139,0.9763,1,0.211
13-abr,13094,387.5,0.9474,0.9545,1,0.263
14-abr,12868,394.3,0.9301,0.9656,1,0.316
15-abr,13064,388.4,0.945,0.9579,1,0.211
16-abr,13347,380.1,0.9647,0.9695,1,0.105
17-abr,13442,377.5,0.9722,0.9665,1,0.158
18-abr,13179,385.0,0.953,0.9625,1,0.158
19-abr,13442,377.5,0.9735,0.9475,1,0.105
20-abr,13640,372.0,0.9878,0.9675,1,0.105
21-abr,13130,386.4,0.951,0.9633,1,0.105
22-abr,12755,397.8,0.9227,0.9523,1,0.158
23-abr,13260,382.6,0.9579,0.9667,1,0.105
24-abr,13695,370.5,0.9892,0.9891,1,0.053
25-abr,13467,376.8,0.9746,0.9579,1,0.053
26-abr,13889,365.3,1.0079,0.9746,0,0.0
27-abr,13849,366.4,1.0016,0.9665,1,0.474
28-abr,13547,374.5,0.9815,0.9623,1,0.421
29-abr,13258,382.7,0.9577,0.9552,1,0.368
30-abr,13434,377.7,0.9705,0.9492,1,0.684
01-may,10193,497.8,0.7351,0.9509,1,1.0
02-may,13522,375.2,0.9793,0.9663,1,0.737
03-may,14165,358.2,1.027,0.9925,0,0.0
04-may,13843,366.5,1.0043,0.9827,0,0.0
05-may,13448,377.3,0.9744,0.9653,0,0.0
06-may,13288,381.8,0.9598,0.9677,0,0.0
07-may,13395,378.8,0.9687,0.9755,0,0.0
08-may,13364,379.7,0.9658,0.9513,0,0.0
09-may,13310,381.2,0.9637,0.9604,0,0.0
10-may,13839,366.6,1.0032,0.9846,0,0.0
11-may,13750,369.0,0.996,0.9855,0,0.0
12-may,13297,381.6,0.9631,0.9684,0,0.0
13-may,13017,389.8,0.9412,0.9597,0,0.0
14-may,13279,382.1,0.9604,0.9632,0,0.0
15-may,13734,369.4,0.9928,0.9718,0,0.0
16-may,13618,372.6,0.9861,0.9708,0,0.0
17-may,13717,369.9,0.9948,0.9484,1,0.474
18-may,13922,364.4,1.0069,0.9706,1,0.421
19-may,13357,379.9,0.9687,0.9475,1,0.421
20-may,13583,373.5,0.9821,0.9618,1,0.632
21-may,10307,492.3,0.7444,0.972,1,1.0
22-may,13420,378.1,0.971,0.9495,1,0.737
23-may,13425,377.9,0.9706,0.9687,1,0.158
24-may,13944,363.9,1.0109,0.9753,1,0.158
25-may,13532,374.9,0.9808,0.974,1,0.053
26-may,13454,377.1,0.9759,0.9703,1,0.105
27-may,13126,386.5,0.9478,0.9713,1,0.158
28-may,13354,379.9,0.9655,0.9663,1,0.158
29-may,13375,379.3,0.9677,0.9704,1,0.105
30-may,13526,375.1,0.9802,0.9842,1,0.158
31-may,13462,376.9,0.977,0.9851,1,0.158
01-jun,13824,367.0,1.0009,0.9798,1,0.105
02-jun,13493,376.0,0.9789,0.9919,1,0.105
03-jun,13526,375.1,0.9784,1.0064,1,0.211
04-jun,13484,376.3,0.9753,0.9825,1,0.158
05-jun,13929,364.3,1.0069,0.9934,1,0.053
06-jun,13875,365.7,1.0053,1.0119,1,0.053
07-jun,14101,359.8,1.02,1.0107,1,0.211
08-jun,14449,351.1,1.0459,1.0234,1,0.263
09-jun,14243,356.2,1.0329,1.0224,1,0.158
10-jun,13777,368.3,0.9965,1.0218,1,0.105
11-jun,13568,373.9,0.9782,1.0224,1,0.211
12-jun,14061,360.8,1.0148,1.0178,1,0.316
13-jun,13996,362.5,1.0132,0.9972,1,0.211
14-jun,14427,351.7,1.0466,1.0281,1,0.105
15-jun,14101,359.8,1.0219,1.02,1,0.211
16-jun,13882,365.5,1.0044,1.0206,1,0.211
17-jun,13675,371.0,0.9879,0.9987,1,0.105
18-jun,13479,376.4,0.976,1.0029,1,0.053
19-jun,13744,369.2,0.9938,1.0021,1,0.105
20-jun,14046,361.2,1.0173,1.0085,1,0.053
21-jun,14192,357.5,1.0289,1.0006,0,0.0
22-jun,14034,361.5,1.0159,0.9888,1,0.105
23-jun,13389,378.9,0.97,0.9612,1,0.158
24-jun,13456,377.1,0.9727,0.9799,1,0.105
25-jun,13571,373.9,0.9809,0.9715,1,0.316
26-jun,13457,377.0,0.9699,0.9772,1,0.368
27-jun,13469,376.7,0.973,0.9648,1,0.368
28-jun,13949,363.7,1.0088,0.9713,1,0.737
29-jun,12086,419.8,0.8808,0.9887,1,0.842
30-jun,13439,377.5,0.9744,0.9729,1,0.474
01-jul,13276,382.2,0.9609,0.969,0,0.0
02-jul,13015,389.8,0.9387,0.9807,1,0.105
03-jul,13644,371.9,0.9866,0.9671,1,0.105
04-jul,13897,365.1,1.005,0.9899,0,0.0
05-jul,14037,361.5,1.0173,0.9887,0,0.0
06-jul,13721,369.8,0.9934,0.9718,0,0.0
07-jul,13677,371.0,0.9917,0.9953,0,0.0
08-jul,13270,382.3,0.9603,0.981,0,0.0
09-jul,13419,378.1,0.9704,0.9877,0,0.0
10-jul,13981,362.9,1.0114,1.0042,0,0.0
11-jul,13658,371.5,0.9901,0.9847,0,0.0
12-jul,14125,359.2,1.0236,1.0008,1,0.053
13-jul,13634,372.1,0.9888,0.9743,1,0.053
14-jul,13436,377.6,0.9746,0.9797,0,0.0
15-jul,13373,379.4,0.9676,0.9873,0,0.0
16-jul,13055,388.6,0.9435,0.9821,1,0.053
17-jul,14010,362.1,1.0147,1.0062,1,0.053
18-jul,13589,373.4,0.9843,0.9771,0,0.0
19-jul,13891,365.3,1.0073,0.9887,0,0.0
20-jul,13860,366.1,1.0036,0.994,0,0.0
21-jul,13410,378.4,0.9722,0.9743,0,0.0
22-jul,13360,379.8,0.9662,0.9874,0,0.0
23-jul,13287,381.9,0.9621,0.979,0,0.0
24-jul,13804,367.6,0.9973,0.9933,0,0.0
25-jul,13644,371.9,0.9884,0.9838,0,0.0
26-jul,13898,365.1,1.0075,0.9894,0,0.0
27-jul,13751,369.0,0.9943,0.9854,0,0.0
28-jul,13320,380.9,0.9654,0.9735,0,0.0
29-jul,13346,380.2,0.9659,0.9878,0,0.0
30-jul,13489,376.1,0.9757,0.9951,1,0.053
31-jul,13417,378.2,0.9711,1.0039,1,0.053
01-ago,13507,375.6,0.9781,0.9728,0,0.0
02-ago,13904,364.9,1.0073,0.9852,0,0.0
03-ago,13783,368.1,0.9988,0.9904,0,0.0
04-ago,13648,371.8,0.9896,0.9953,0,0.0
05-ago,13562,374.1,0.9816,0.9996,0,0.0
06-ago,13473,376.6,0.9757,0.9924,0,0.0
07-ago,14075,360.5,1.0183,1.0098,0,0.0
08-ago,14067,360.7,1.0199,1.0001,0,0.0
09-ago,14026,361.7,1.0166,0.9847,0,0.0
10-ago,14044,361.3,1.0167,0.9928,0,0.0
11-ago,13718,369.9,0.9953,0.9751,1,0.421
12-ago,13783,368.1,0.9985,0.9944,1,0.368
13-ago,13467,376.8,0.9735,0.9634,1,0.421
14-ago,14274,355.5,1.0315,0.9853,1,0.737
15-ago,10687,474.8,0.7732,1.0092,1,1.0
16-ago,13867,365.9,1.006,0.976,1,0.789
17-ago,14154,358.5,1.0265,1.0043,0,0.0
18-ago,14064,360.8,1.0191,1.0151,0,0.0
19-ago,13672,371.1,0.9911,1.0024,0,0.0
20-ago,13920,364.5,1.0094,1.0144,0,0.0
21-ago,14223,356.7,1.0297,1.0098,0,0.0
22-ago,14126,359.2,1.0237,1.0046,0,0.0
23-ago,14141,358.8,1.0251,1.005,0,0.0
24-ago,14087,360.2,1.021,1.0114,0,0.0
25-ago,13787,368.0,0.9992,1.0021,0,0.0
26-ago,13629,372.3,0.9868,1.0073,0,0.0
27-ago,13804,367.6,1.0004,1.0153,0,0.0
28-ago,14294,355.0,1.0342,1.024,0,0.0
29-ago,14208,357.1,1.0292,1.0185,0,0.0
30-ago,14469,350.7,1.0506,1.0267,1,0.053
31-ago,13159,385.6,0.9546,0.9809,1,0.105
01-sep,14389,352.6,1.0446,1.0475,1,0.053
02-sep,14327,354.1,1.0369,1.0522,1,0.053
03-sep,13897,365.1,1.0057,1.0342,1,0.105
04-sep,14312,354.5,1.0363,1.0328,1,0.105
05-sep,14817,342.4,1.0749,1.0534,1,0.053
06-sep,14608,347.3,1.0593,1.0437,1,0.053
07-sep,15497,327.4,1.1225,1.0859,1,0.316
08-sep,15216,333.4,1.104,1.0846,1,0.263
09-sep,15111,335.8,1.0942,1.0945,1,0.263
10-sep,15412,329.2,1.1162,1.0985,1,0.368
11-sep,12936,392.2,0.9425,1.0467,1,0.526
12-sep,16136,314.4,1.1722,1.0822,1,1.0
13-sep,16146,314.2,1.172,1.0905,1,1.0
14-sep,16209,313.0,1.1754,1.092,1,1.0
15-sep,15564,326.0,1.1291,1.0943,1,1.0
16-sep,15024,337.7,1.0858,1.0921,1,1.0
17-sep,13858,366.1,0.9989,1.0984,1,1.0
18-sep,11039,459.6,0.7969,1.1001,1,1.0
19-sep,10811,469.3,0.78,1.096,1,1.0
20-sep,15571,325.8,1.1289,1.0923,1,1.0
21-sep,16460,308.2,1.1935,1.0877,1,1.0
22-sep,16190,313.4,1.1743,1.0861,1,1.0
23-sep,15589,325.5,1.1297,1.0821,1,1.0
24-sep,15502,327.3,1.122,1.0751,1,1.0
25-sep,15499,327.4,1.1212,1.0706,1,1.0
26-sep,15124,335.5,1.0952,1.0666,1,1.0
27-sep,15057,337.0,1.0914,1.0709,0,0.0
28-sep,15217,333.4,1.1026,1.0936,0,0.0
29-sep,14915,340.2,1.0825,1.093,0,0.0
30-sep,14495,350.0,1.0498,1.0741,0,0.0
01-oct,14758,343.8,1.0686,1.0879,0,0.0
02-oct,14694,345.3,1.064,1.0552,0,0.0
03-oct,14119,359.4,1.0243,1.0205,0,0.0
04-oct,14680,345.6,1.0646,1.0414,0,0.0
05-oct,15317,331.2,1.1101,1.0815,1,0.105
06-oct,14547,348.8,1.0549,1.0421,1,0.158
07-oct,14552,348.7,1.0545,1.063,1,0.105
08-oct,14270,355.6,1.0338,1.0277,1,0.316
09-oct,14140,358.8,1.0209,1.0283,1,0.368
10-oct,14567,348.3,1.0534,1.0436,1,0.368
11-oct,14691,345.4,1.0647,1.0296,1,0.684
12-oct,12639,401.4,0.9229,1.0357,1,0.842
13-oct,14074,360.5,1.0218,1.0189,1,0.474
14-oct,14352,353.5,1.0392,1.0439,0,0.0
15-oct,13609,372.8,0.9842,1.0269,1,0.105
16-oct,14622,347.0,1.0585,1.0358,1,0.105
17-oct,14783,343.2,1.0725,1.0562,0,0.0
18-oct,14810,342.6,1.0733,1.0455,0,0.0
19-oct,14509,349.7,1.0509,1.0302,0,0.0
20-oct,14484,350.3,1.0508,1.0529,0,0.0
21-oct,14181,357.8,1.0281,1.045,0,0.0
22-oct,14180,357.8,1.0279,1.0411,0,0.0
23-oct,14484,350.3,1.0493,1.0412,0,0.0
24-oct,14372,353.0,1.0422,1.0336,0,0.0
25-oct,14509,349.7,1.0531,1.0194,0,0.0
26-oct,14752,343.9,1.0701,1.0465,0,0.0
27-oct,14492,350.1,1.0542,1.0503,1,0.053
28-oct,14455,351.0,1.0483,1.0453,1,0.421
29-oct,14527,349.3,1.052,1.0373,1,0.526
30-oct,14876,341.1,1.0782,1.0382,1,0.526
31-oct,14576,348.1,1.0576,1.0524,1,0.789
01-nov,10918,464.7,0.7889,1.0287,1,1.0
02-nov,14340,353.8,1.0409,1.0232,1,0.737
03-nov,14534,349.1,1.0569,1.048,0,0.0
04-nov,14505,349.8,1.0524,1.0636,0,0.0
05-nov,14458,350.9,1.0494,1.0557,0,0.0
06-nov,14841,341.9,1.0748,1.0541,0,0.0
07-nov,14744,344.1,1.0698,1.0538,0,0.0
08-nov,14840,341.9,1.0777,1.044,0,0.0
09-nov,14735,344.3,1.0688,1.0591,0,0.0
10-nov,14421,351.8,1.0471,1.0522,0,0.0
11-nov,14410,352.1,1.0461,1.0696,0,0.0
12-nov,14412,352.0,1.0465,1.0636,0,0.0
13-nov,14280,355.3,1.0346,1.0267,0,0.0
14-nov,14495,350.0,1.0523,1.0472,0,0.0
15-nov,14541,348.9,1.0563,1.0354,0,0.0
16-nov,14374,353.0,1.0425,1.0312,0,0.0
17-nov,14231,356.5,1.0316,1.0375,0,0.0
18-nov,14033,361.6,1.0174,1.0361,0,0.0
19-nov,14060,360.9,1.0201,1.0393,0,0.0
20-nov,14510,349.7,1.0513,1.0414,0,0.0
21-nov,14322,354.3,1.0392,1.0355,0,0.0
22-nov,14605,347.4,1.0599,1.0396,0,0.0
23-nov,14317,354.4,1.039,1.0302,0,0.0
24-nov,13957,363.5,1.0129,1.0157,0,0.0
25-nov,13688,370.7,0.9934,1.0151,0,0.0
26-nov,14037,361.5,1.0171,1.0309,0,0.0
27-nov,14274,355.5,1.0353,1.0263,0,0.0
28-nov,14234,356.5,1.034,1.0307,0,0.0
29-nov,14318,354.4,1.0405,1.022,0,0.0
30-nov,13943,363.9,1.0133,1.0028,0,0.0
01-dic,13796,367.8,1.0031,0.9978,0,0.0
02-dic,13805,367.5,1.0022,1.0106,0,0.0
03-dic,13784,368.1,1.001,1.0073,0,0.0
04-dic,14213,357.0,1.0322,0.9994,1,0.421
05-dic,14454,351.0,1.0498,1.0162,1,0.421
06-dic,14594,347.7,1.0614,1.0113,1,0.474
07-dic,14805,342.7,1.0764,1.0241,1,0.737
08-dic,11032,459.9,0.7997,1.0428,1,1.0
09-dic,13876,365.6,1.0084,1.0198,1,0.632
10-dic,14447,351.2,1.0482,1.0473,1,0.105
11-dic,14391,352.6,1.0445,1.0451,1,0.211
12-dic,14747,344.1,1.0716,1.0518,1,0.211
13-dic,14304,354.7,1.0393,1.0073,1,0.105
14-dic,14239,356.3,1.0355,1.0294,1,0.053
15-dic,14280,355.3,1.0388,1.0328,1,0.053
16-dic,13900,365.0,1.0095,1.0272,1,0.053
17-dic,14274,355.5,1.0358,1.0527,1,0.053
18-dic,14996,338.3,1.09,1.0294,1,1.0
19-dic,15295,331.7,1.1124,1.0243,1,1.0
20-dic,15680,323.6,1.1433,1.0265,1,1.0
21-dic,15018,337.8,1.0925,1.0207,1,1.0
22-dic,13417,378.2,0.9761,1.0259,1,1.0
23-dic,12560,404.0,0.9119,1.0178,1,1.0
24-dic,11629,436.3,0.8419,1.0227,1,1.0
25-dic,9330,543.8,0.6757,1.0145,1,1.0
26-dic,16022,316.7,1.1674,1.0096,1,1.0
27-dic,16886,300.5,1.2321,1.0067,1,1.0
28-dic,15438,328.7,1.1225,1.0072,1,1.0
29-dic,14122,359.3,1.0267,1.0041,1,1.0
30-dic,12881,393.9,0.935,1.0078,1,1.0
31-dic,11177,453.9,0.8099,1.0113,1,1.0
